#no;launch;tot_d;tot_h;tot_m;tot_s;moon_landing;surf_d;surf_h;surf_m;eva_h;eva_m
13;1970-04-11T14:13:00-05:00;5;22;54;41;;;;;;
10;1969-05-18T12:49:00-04:00;8;0;3;23;;;;;;
11;1969-07-16T09:32:00-04:00;8;3;18;35;1969-07-20T20:17:40-00:00;0;21;31;2;31
14;1971-01-31T16:03:02-05:00;9;0;1;58;1971-02-05T09:18:11-00:00;1;9;30;9;21
9;1969-03-03T11:00:00-05:00;10;1;0;54;;;;;;
12;1969-11-14T11:22:00-05:00;10;4;36;24;1969-11-19T06:54:35-00:00;1;7;31;7;45
16;1972-04-16T12:54:00-05:00;11;1;51;5;1972-04-21T02:23:35-00:00;2;23;2;20;14
15;1971-07-26T09:34:00-04:00;12;7;11;53;1971-07-30T22:16:29-00:00;2;18;55;18;33
17;1972-12-07T00:33:00-05:00;12;13;51;59;1972-12-11T19:54:37-00:00;3;2;59;22;4
